{"cameraMode":{"drawMode":0,"name":"Shaded","section":"Shading Mode"},"sceneLighting":false,"audioPlay":false,"sceneViewState":{"showFog":true,"showMaterialUpdate":false,"showSkybox":false,"showFlares":true,"showImageEffects":true,"showParticleSystems":true},"in2DMode":false,"pivot":{"x":7.474995136260986,"y":1.9399951696395875,"z":-4.944995403289795},"rotation":{"x":-0.06899861991405487,"y":0.08578573912382126,"z":-0.005954250227659941,"w":-0.9939090609550476},"size":30.261629104614259,"orthographic":false}