{"cameraMode":{"drawMode":0,"name":"Shaded","section":"Shading Mode"},"sceneLighting":true,"audioPlay":false,"sceneViewState":{"showFog":false,"showMaterialUpdate":false,"showSkybox":false,"showFlares":false,"showImageEffects":false,"showParticleSystems":false},"in2DMode":false,"pivot":{"x":-0.3123365640640259,"y":-1.0593593120574952,"z":1.502820611000061},"rotation":{"x":-0.20436584949493409,"y":-0.003824483137577772,"z":0.000774358632043004,"w":-0.9789172410964966},"size":14.379971504211426,"orthographic":false}